"","NH4","PO4","NO3","CHLA"
"Water Temperature",0.129119669780617,0.0849636922648547,0.20327928079647,0.184772447832438
"Specific Conductivity",0.119242379261582,0.120307101666398,0.334746956414924,0.0904190206567127
"Dissolved Oxygen",0.143943709213161,0.0841344604156409,0.0561776045691773,0.112117143232866
"Depth",0.0751544745846414,0.053461521934185,0.0263182235594438,0.099690053299922
"pH",0.162226712391515,0.121220332740375,0.133032913016286,0.154105060111452
"Turbidity",0.0508228561102332,0.0440213517108482,0.0273000278014851,0.129516931657759
"Discharge",0.125377396622543,0.191452758096744,0.0639297375434942,0.122367879227168
"Time of Day",0.194112802035708,0.300438781170954,0.15521525629872,0.107011463981682
