"","NH4","PO4","NO3","CHLA"
"Water Temperature",0.0597008785911691,0.125362494032142,0.230026795759798,0.249429169631827
"Specific Conductivity",0.0838666764241395,0.091919728432942,0.0721163435857942,0.075875755529598
"Dissolved Oxygen",0.194862398868427,0.0860340349248459,0.0779633246818874,0.166952357735534
"Depth",0.102643930686484,0.0881597646089062,0.169337409961224,0.106744651336534
"pH",0.0528879428341115,0.143084484710977,0.0494480741048104,0.086444177691568
"Turbidity",0.174044365208907,0.0879299865582373,0.111923616139711,0.0810790210432834
"Discharge",0.200736753720921,0.114412218141861,0.0721256745981506,0.0705973258674986
"Time of Day",0.131257053665841,0.263097288590089,0.217058761168624,0.162877541164157
