"","NH4","PO4","NO3","CHLA"
"Temp.mean",0.137170906276646,0.118391369840096,0.188409893545088,0.208396689423889
"SpCond.mean",0.142267088112455,0.160339042519918,0.332218025667718,0.107764666733713
"DO_mgl.mean",0.191364999539158,0.116807072421005,0.0834908892260806,0.13368484741164
"Depth.mean",0.0779093157598425,0.078630186409858,0.029775793938392,0.109718851201563
"pH.mean",0.187667389447474,0.150896441466409,0.172882644493652,0.185246893639701
"Turb.mean",0.0532578316955164,0.0810475351203854,0.0332650184541285,0.119885407325195
"sin_doy",0.210362469168908,0.293888352222329,0.159957734674942,0.135302644264298
