"","NH4","PO4","NO3","CHLA"
"Water Temperature",0.0625008005731037,-0.0227364799279259,-0.0720743212150627,-0.0707459120526003
"Specific Conductivity",0.0603709364001739,0.0378946725544562,0.24966732566644,0.0275770667596952
"Dissolved Oxygen",-0.0482973176878626,0.0185755245001202,0.0268302198673008,-0.0387192076101714
"Depth",-0.0131150797539753,-0.0426567561539968,-0.168275733009504,-0.00645344703820074
"pH",0.112880381279404,0.00812618942368221,0.11588773079299,0.0927693798033025
"Turbidity",-0.173653969891208,-0.0199216249810222,-0.0840901028289988,0.0325600146664845
"Time of Day",-0.000685750919634992,0.0207184745846863,-0.0679451192731652,-0.0369878945285098
