"","NH4","PO4","NO3","CHLA"
"Temp.mean",0.0746701057035421,0.141127849768022,0.26048421476015,0.27914260147649
"SpCond.mean",0.0818961517122807,0.122444369965462,0.0825507000012779,0.0801875999740183
"DO_mgl.mean",0.239662317227021,0.0982315479208847,0.0566606693587799,0.172404055021811
"Depth.mean",0.0910243955138178,0.121286942563855,0.198051526947896,0.116172298239763
"pH.mean",0.0747870081680707,0.142770252042727,0.056994913700662,0.0924775138363983
"Turb.mean",0.226911801586725,0.100969160101408,0.117355121283127,0.0873253926587108
"sin_doy",0.211048220088543,0.273169877637642,0.227902853948107,0.172290538792808
